,LEFT_SHOULDER_x,LEFT_SHOULDER_y,LEFT_SHOULDER_z,RIGHT_SHOULDER_x,RIGHT_SHOULDER_y,RIGHT_SHOULDER_z,LEFT_ELBOW_x,LEFT_ELBOW_y,LEFT_ELBOW_z,RIGHT_ELBOW_x,RIGHT_ELBOW_y,RIGHT_ELBOW_z,LEFT_WRIST_x,LEFT_WRIST_y,LEFT_WRIST_z,RIGHT_WRIST_x,RIGHT_WRIST_y,RIGHT_WRIST_z,LEFT_HIP_x,LEFT_HIP_y,LEFT_HIP_z,RIGHT_HIP_x,RIGHT_HIP_y,RIGHT_HIP_z,LEFT_KNEE_x,LEFT_KNEE_y,LEFT_KNEE_z,RIGHT_KNEE_x,RIGHT_KNEE_y,RIGHT_KNEE_z,LEFT_ANKLE_x,LEFT_ANKLE_y,LEFT_ANKLE_z,RIGHT_ANKLE_x,RIGHT_ANKLE_y,RIGHT_ANKLE_z,LEFT_HEEL_x,LEFT_HEEL_y,LEFT_HEEL_z,RIGHT_HEEL_x,RIGHT_HEEL_y,RIGHT_HEEL_z,LEFT_FOOT_INDEX_x,LEFT_FOOT_INDEX_y,LEFT_FOOT_INDEX_z,RIGHT_FOOT_INDEX_x,RIGHT_FOOT_INDEX_y,RIGHT_FOOT_INDEX_z,Y
0,54.918962866067886,30.01079234480858,-21.05452075600624,77.7487325668335,24.62041738629341,-2.0865058433264494,53.19684684276581,45.635605454444885,-20.783453062176704,87.07711607217789,26.49977435171604,-9.765565693378448,51.8977515399456,53.987324982881546,-22.928331047296524,91.7467400431633,22.30203378200531,-6.74030976369977,60.04591792821884,64.74689418077469,-8.927961327135563,73.14330816268921,64.0135889351368,8.692272454500198,57.698877453804016,86.44723480939865,31.64966329932213,71.89136177301407,85.45609480142593,42.91691690683365,61.63998782634735,103.95240116119385,-22.681170254945755,70.58923333883286,102.91083008050919,-1.7340651899576187,64.26330029964447,105.60538375377655,-27.305622845888138,70.11666119098663,105.33839815855026,-5.358062107115984,60.01570999622345,113.81876373291016,-25.80002784729004,67.16061592102051,113.02294367551804,-1.8060667160898447,1
